{
    "category": {
        "relax": {
            "Condition": {
                "f_score": 0.8176195915182294,
                "precision": 0.8081587651598677,
                "recall": 0.8273045507584598
            },
            "Procedure": {
                "f_score": 0.5641550176156381,
                "precision": 0.6728110599078341,
                "recall": 0.4857142857142857
            },
            "Temporal": {
                "f_score": 0.6809049773755657,
                "precision": 0.5663956639566395,
                "recall": 0.853448275862069
            },
            "Pregnancy": {
                "f_score": 0.45548654244306414,
                "precision": 0.38596491228070173,
                "recall": 0.5555555555555556
            },
            "Observation": {
                "f_score": 0.47035841685068797,
                "precision": 0.5342465753424658,
                "recall": 0.42011834319526625
            },
            "Drug": {
                "f_score": 0.7347422975315082,
                "precision": 0.6677115987460815,
                "recall": 0.8167330677290837
            },
            "Person": {
                "f_score": 0.7702033505426193,
                "precision": 0.7818181818181819,
                "recall": 0.7589285714285714
            },
            "Value": {
                "f_score": 0.790017168877056,
                "precision": 0.7839506172839507,
                "recall": 0.7961783439490446
            },
            "Measurement": {
                "f_score": 0.7253382676072626,
                "precision": 0.7153284671532847,
                "recall": 0.735632183908046
            },
            "Mood": {
                "f_score": 0.34146341463414637,
                "precision": 0.3888888888888889,
                "recall": 0.30434782608695654
            },
            "Device": {
                "f_score": 0.5823451910408431,
                "precision": 0.6296296296296297,
                "recall": 0.5416666666666666
            }
        },
        "strict": {
            "Condition": {
                "f_score": 0.4467120181405896,
                "precision": 0.43439911797133407,
                "recall": 0.4597432905484247
            },
            "Procedure": {
                "f_score": 0.22937625754527163,
                "precision": 0.2626728110599078,
                "recall": 0.20357142857142857
            },
            "Temporal": {
                "f_score": 0.3194675540765391,
                "precision": 0.2601626016260163,
                "recall": 0.41379310344827586
            },
            "Pregnancy": {
                "f_score": 0.05333333333333334,
                "precision": 0.03508771929824561,
                "recall": 0.1111111111111111
            },
            "Observation": {
                "f_score": 0.17142857142857143,
                "precision": 0.18493150684931506,
                "recall": 0.15976331360946747
            },
            "Drug": {
                "f_score": 0.32280701754385965,
                "precision": 0.2884012539184953,
                "recall": 0.3665338645418327
            },
            "Person": {
                "f_score": 0.6306306306306306,
                "precision": 0.6363636363636364,
                "recall": 0.625
            },
            "Value": {
                "f_score": 0.5109717868338558,
                "precision": 0.5030864197530864,
                "recall": 0.5191082802547771
            },
            "Measurement": {
                "f_score": 0.3551401869158879,
                "precision": 0.3467153284671533,
                "recall": 0.36398467432950193
            },
            "Mood": {
                "f_score": 0.04878048780487805,
                "precision": 0.05555555555555555,
                "recall": 0.043478260869565216
            },
            "Device": {
                "f_score": 0.03921568627450981,
                "precision": 0.037037037037037035,
                "recall": 0.041666666666666664
            }
        }
    },
    "overall": {
        "acc": 0.8219929055143502,
        "relax": {
            "f_score": 0.7201219589214525,
            "precision": 0.706389088298636,
            "recall": 0.734399375975039
        },
        "strict": {
            "f_score": 0.3734579439252337,
            "precision": 0.35857860732232594,
            "recall": 0.38962558502340094
        }
    }
}